time,CapMrktEstUSD,ReferenceRate,ReferenceRateBTC,ReferenceRateETH,ReferenceRateEUR,ReferenceRateUSD,principal_market_price_usd,principal_market_usd
2022-04-25,17522772.5537830605192951771981,,,,,,,
2022-04-26,16435912.862009868185715478898,0.0193958261094141,0.000000479219912057308,0.00000643905708049199,0.0181031089177203,0.0193958261094141,,
2022-04-27,20333227.1872330058177037556044,0.018181160113567,0.000000477536711151149,0.00000649006705745064,0.0170909513726652,0.018181160113567,,
2022-04-28,23527966.3600316649820324931284,0.0224357969246724,0.000000572071226711812,0.00000777173434718649,0.021248831718956,0.0224357969246724,,
2022-04-29,20578705.7390501525778323622556,0.0259367489583638,0.000000652529834395708,0.00000883976434847683,0.0246984624271908,0.0259367489583638,,
2022-04-30,18096450.0419743109105436124291,0.0226234151764799,0.000000585954537489589,0.00000803494678124071,0.0214633445311805,0.0226234151764799,,
2022-05-01,18605148.099270500964546603713,0.0198730903848743,0.000000526940667545951,0.00000728023376530891,0.0188709568860666,0.0198730903848743,,
2022-05-02,18999479.1594503858052615464832,0.0204141795962495,0.000000530800569843087,0.00000721580782193298,0.0193654372829348,0.0204141795962495,,
2022-05-03,20826938.115529104658576643096,0.0208385806800768,0.000000540334665239501,0.00000728232680847157,0.0198296578610429,0.0208385806800768,,
2022-05-04,20691749.921092773718861269749,0.0226504743620336,0.000000600738141143277,0.00000814494644558683,0.0215386870026925,0.0226504743620336,,
2022-05-05,19023603.0401097839638117066636,0.0224671467214882,0.000000566753203696272,0.00000765030367429424,0.0211709232575174,0.0224671467214882,,
2022-05-06,17927811.8122604752161390461448,0.0205568506739698,0.000000563170150743299,0.00000748437581620637,0.0195214554760783,0.0205568506739698,,
2022-05-07,18001994.7812617021312476644736,0.0193431531471324,0.000000536668795164138,0.00000717081976748562,0.0183476166536561,0.0193431531471324,,
2022-05-08,16644944.5719628462358599283253,0.0193063816334208,0.000000543708320502754,0.00000732264572954814,0.0183179772407967,0.0193063816334208,,
2022-05-09,12170586.9785581009386925139838,0.0178424302962283,0.000000523869731364122,0.00000708135014455522,0.0169452172507489,0.0178424302962283,,
2022-05-10,12115580.4020159929336557634884,0.0130353708759217,0.000000427979655119387,0.00000577309839308223,0.0123462707395955,0.0130353708759217,,
2022-05-11,7306274.58990133427473233376641,0.0129619057985619,0.000000418250994341972,0.00000553235487360912,0.0123111674826567,0.0129619057985619,,
2022-05-12,6936631.15069876788467483208074,0.00779832196800603,0.0000002708074446636,0.00000377044693526051,0.00741239174138516,0.00779832196800603,,
2022-05-13,8775106.62889207341158996271154,0.00709373312674387,0.000000244352750917597,0.00000362210962733997,0.00682700641365524,0.00709373312674387,,
2022-05-14,8573655.0544527360515372765236,0.00896941798224706,0.000000306270504348113,0.00000444900178320491,0.00862997363700065,0.00896941798224706,,
2022-05-15,10616634.60888177184945909449,0.0087379161528346,0.000000290760509540477,0.00000425597949665254,0.00840434361265941,0.0087379161528346,,
2022-05-16,10220231.9589670623662112347216,0.0108172028043555,0.000000346898444457233,0.00000505721589831302,0.0103990791140326,0.0108172028043555,,
2022-05-17,9927773.3972900347153510101564,0.0104106299119054,0.000000348302605808404,0.00000514710260328455,0.00997740139094613,0.0104106299119054,,
2022-05-18,10837533.615407111787857806368,0.0101042933573046,0.000000331960996394482,0.00000482793555207235,0.00957875322904137,0.0101042933573046,,
2022-05-19,10305911.413470244764998864201,0.0110239538562552,0.000000383159062175655,0.00000573863006928998,0.0105196707625161,0.0110239538562552,,
2022-05-20,9664904.28987248890383392559312,0.0104744783766563,0.000000346173511158144,0.00000519471457549268,0.00989652019576293,0.0104744783766563,,
2022-05-21,10545442.1018152491665095473352,0.00978137360186617,0.000000334700631879239,0.00000498533150059807,0.00926614981514159,0.00978137360186617,,
2022-05-22,10493502.4750376660049357742584,0.0106686322052204,0.000000362630993078308,0.00000540519307223515,0.0101037979918777,0.0106686322052204,,
2022-05-23,10371359.317571544694874822618,0.0106124318503214,0.000000349877210054877,0.00000519055847643951,0.0100384244488778,0.0106124318503214,,
2022-05-24,9821560.1207028932176886231028,0.010484897841839,0.000000360451291708375,0.00000532060737924882,0.00981652901090167,0.010484897841839,,
2022-05-25,9381008.65785910215212909171736,0.00992169463706316,0.000000334698437577142,0.00000501651953423383,0.00924515208443948,0.00992169463706316,,
2022-05-26,8823820.83314058404516014862832,0.00946477614311112,0.000000320001791290048,0.00000486788976847232,0.00885606347230163,0.00946477614311112,,
2022-05-27,8765215.34130272597071961298699,0.00889660434201084,0.000000303302090652308,0.00000492155495205434,0.00830311088149412,0.00889660434201084,,
2022-05-28,8718093.07097315738371887059184,0.00883391577294379,0.000000308748183225565,0.00000513218378411879,0.00823451704678727,0.00883391577294379,,
2022-05-29,8651812.4623850830317740435895,0.00878263924966538,0.000000302374998203899,0.0000048964955876259,0.00818819878238134,0.00878263924966538,,
2022-05-30,10133036.9378862176655465479316,0.0087137320845497,0.000000296082625238421,0.00000481140538240525,0.00812407062077755,0.0087137320845497,,
2022-05-31,9514129.2356711388365301322434,0.0102045422009241,0.000000321545143668897,0.00000511121752124527,0.00947231486974681,0.0102045422009241,,
2022-06-01,9737980.01951907266113269175082,0.00957833793105996,0.000000300908381813808,0.00000491873575428349,0.00892302034748671,0.00957833793105996,,
2022-06-02,9380391.97194473128581624473882,0.00979188067042714,0.000000328301019663271,0.00000535767227908753,0.00919204512814012,0.00979188067042714,,
2022-06-03,9139825.5447491794286870307593,0.00941299816324817,0.000000308579709676637,0.00000512861213189024,0.00876082966448513,0.00941299816324817,,
2022-06-04,8747539.37745801624382396806974,0.00916439451338015,0.000000308953786473662,0.00000516788822507319,0.00855572425357251,0.00916439451338015,,
2022-06-05,8162766.47925502717359442329414,0.00875627294905486,0.000000293909543791186,0.00000486716944014038,0.00817516565620267,0.00875627294905486,,
2022-06-06,8051853.0107143161617317335968,0.00816767673690562,0.000000273025739167619,0.00000452330190332695,0.00761904463502865,0.00816767673690562,,
2022-06-07,7523205.7115228403220859925072,0.00805185854643277,0.000000256971390282616,0.00000433582157671254,0.00753525003441574,0.00805185854643277,,
2022-06-08,7856031.7248574717009527329259,0.00751607601531632,0.000000241092805033534,0.00000414666929614159,0.00702230495191985,0.00751607601531632,,
2022-06-09,7906712.859363593,0.00777844769416683,0.000000257321957028565,0.00000433460064593333,0.00726011689278623,0.00777844769416683,,
2022-06-10,6968071.1251225823156259250896,0.00781,0.000000259774942514303,0.00000437000748259023,0.00735533878236557,0.00781,,
2022-06-11,6406960.943291568064540643035,0.00687783043294632,0.000000236592218401709,0.00000413703315371847,0.00654224234617337,0.00687783043294632,,
2022-06-12,6094471.7532828212608222214136,0.0063194598846511,0.00000022282383183883,0.00000413171372614195,0.00601433764651376,0.0063194598846511,,
2022-06-13,5557893.9893080350971920045938,0.00600775835008234,0.000000223917061863869,0.00000414506516880032,0.00572292839153654,0.00600775835008234,,
2022-06-14,4327726.054039130350824390968,0.00547556983700993,0.000000245362375383418,0.00000459296748093767,0.00525994751449954,0.00547556983700993,,
2022-06-15,3860138.082883689770493284625,0.00425513974597462,0.000000192776945526027,0.00000352964112635618,0.00407835162411687,0.00425513974597462,,
2022-06-16,3603623.7130838929509323536908,0.0037626411494045,0.000000167074111559394,0.00000306273259661225,0.00359973328949577,0.0037626411494045,,
2022-06-17,3514531.7463852211,0.00350051581855972,0.000000172352797377332,0.00000329597946871637,0.00332015604649787,0.00350051581855972,,
2022-06-18,3055288.416666776696022332672,0.00341,0.000000166626524111108,0.00000313703847709736,0.00325060809158686,0.00341,,
2022-06-19,3227892.2972259950196408332118,0.00296214045472403,0.000000155788426163276,0.00000298365229744489,0.00282360242110451,0.00296214045472403,,
2022-06-20,3742615.1808446278082943638446,0.00312481517634002,0.000000152487320267103,0.0000027791725721437,0.00298060135911993,0.00312481517634002,,
2022-06-21,3312428.8690272318269596787712,0.00360008247505582,0.000000175002302235223,0.00000320753144018639,0.00342428871621075,0.00360008247505582,,
2022-06-22,3360676.6032852680337731218248,0.00314798089312056,0.000000152161161940024,0.0000027987014330631,0.00299003089994584,0.00314798089312056,,
2022-06-23,3588266.6160870369028227775596,0.00317216951529512,0.000000158583353485296,0.00000301397944007697,0.00300391554011378,0.00317216951529512,,
2022-06-24,3739887.6293973161002833708718,0.00338122132661971,0.000000160269462274631,0.00000295368078495386,0.00321238049829693,0.00338122132661971,,
2022-06-25,3615093.2460860461304751712494,0.00352091238238793,0.000000165308214285685,0.00000285343552320841,0.00333763956164201,0.00352091238238793,,
2022-06-26,4161325.4586180018725891054068,0.00339975442623387,0.000000158361285797846,0.00000273630125362301,0.00322403604867669,0.00339975442623387,,
2022-06-27,3980701.016379718858658710415,0.00391101193916074,0.000000185649703848559,0.00000324775360045811,0.00370380057473183,0.00391101193916074,,
2022-06-28,3821674.842477937764747395812,0.0037391642420371,0.000000180191553507753,0.00000312926496360545,0.00353376319918698,0.0037391642420371,,
2022-06-29,3972133.8739645713768750116864,0.0035855913211964,0.000000176950720813682,0.00000313754509146508,0.00340714244264175,0.0035855913211964,,
2022-06-30,3680635.7848513932321436711263,0.00371813588317952,0.000000185157387348624,0.00000339300166156984,0.00355775485842377,0.00371813588317952,,
2022-07-01,3661936.8304530856939210465576,0.00344144142309867,0.000000178009469036749,0.00000330418856345501,0.00328137329569991,0.00344144142309867,,
2022-07-02,3879642.997719755807582516121,0.00342151728275444,0.000000176896985611218,0.00000320936851492125,0.00328072643118502,0.00342151728275444,,
2022-07-03,4220069.25467815351628910207,0.00362159731097778,0.000000188312656116054,0.00000339572215047677,0.00347402335389834,0.00362159731097778,,
2022-07-04,4122603.7094870581965623469009,0.0039373386749913,0.000000204255735211144,0.00000366706744764407,0.00377376518904441,0.0039373386749913,,
2022-07-05,4162623.8738223892762880558644,0.00384383954917059,0.000000190041670452068,0.00000334199748641981,0.00368343385179345,0.00384383954917059,,
2022-07-06,4162483.6698711894898069254186,0.00387813420662074,0.000000192050134849913,0.00000341819242725452,0.00377626241848209,0.00387813420662074,,
2022-07-07,3969178.7358341598787823408109,0.00387509316785154,0.000000188469559087903,0.00000325632651215806,0.00380722073550919,0.00387509316785154,,
2022-07-08,3971925.0065326855170654778661,0.00368840756409363,0.00000017035407886429,0.00000297825682410951,0.00362757630831521,0.00368840756409363,,
2022-07-09,3754486.3699509960144768790912,0.00368184846558919,0.000000168785385347165,0.0000029902774297547,0.00361703024660466,0.00368184846558919,,
2022-07-10,3585571.0045085258891120726172,0.00347743946505406,0.000000161103459273552,0.00000285779770622588,0.00341605514732785,0.00347743946505406,,
2022-07-11,3306774.388499053595828126058,0.00331948589612102,0.000000159351079202971,0.00000284445558361756,0.00326443441379261,0.00331948589612102,,
2022-07-12,3156744.39162284290410799848,0.0030526837458229,0.000000152853306552994,0.00000278392828480816,0.00303889638405886,0.0030526837458229,,
2022-07-13,3147389.3346938454931788945,0.00291056554933572,0.000000150501186793825,0.00000279778908720556,0.002902227794685,0.00291056554933572,,
2022-07-14,3236712.953557297925455990284,0.00289614657390875,0.000000143689939409538,0.00000260933523165219,0.00288550117297605,0.00289614657390875,,
2022-07-15,3147769.3668252949133459813708,0.00297589661074095,0.000000144792061039762,0.00000249912134929232,0.00296857237530274,0.00297589661074095,,
2022-07-16,3318655.0793242415846337895408,0.00288705372987538,0.000000138589293424229,0.00000233685063675812,0.00286229364230792,0.00288705372987538,,
2022-07-17,3071920.717225071179773097589,0.00304124418168872,0.000000143478539847566,0.00000224846899968226,0.00301715090378399,0.00304124418168872,,
2022-07-18,3177852.990568125249155275108,0.0028134428456853,0.000000135080559463178,0.00000209131460609684,0.00278663381670455,0.0028134428456853,,
2022-07-19,3329314.536991931687984181705,0.00290923181202065,0.000000130425449352299,0.00000185476493653179,0.00286788488762783,0.00290923181202065,,
2022-07-20,3722056.3428922282517395600248,0.0030442557097155,0.000000130256698980558,0.00000196952008250816,0.00297488509664309,0.0030442557097155,,
2022-07-21,3752936.5168072864038127692133,0.00339754172613336,0.000000145936648534229,0.0000022305681101623,0.00333810092955544,0.00339754172613336,,
2022-07-22,3916385.499069991668524166676,0.00342184929224939,0.000000147796682680056,0.0000021677767309179,0.00334609572602603,0.00342184929224939,,
2022-07-23,3871037.340357651330216288939,0.0035695070824748,0.000000157204877439805,0.00000232301003812459,0.00349880634567367,0.0035695070824748,,
2022-07-24,3950303.0653740100394534893059,0.00352596389497385,0.000000156817820639293,0.00000227415690660602,0.00345565074323841,0.00352596389497385,,
2022-07-25,3849257.1419870802705377725635,0.00359667000360089,0.000000158769845876334,0.00000224325722465117,0.0035252169905755,0.00359667000360089,,
2022-07-26,3742204.2938836670392563405327,0.00350327503256067,0.000000162866321645616,0.0000023967407778448,0.00343245326282994,0.00350327503256067,,
2022-07-27,4119994.532700007152581414297,0.00340437068345211,0.000000160722569078477,0.0000023786718104793,0.00335966451118874,0.00340437068345211,,
2022-07-28,5086366.4902229913431663755738,0.00374624460458038,0.000000163602790560072,0.00000229501200254069,0.00367123629694741,0.00374624460458038,,
2022-07-29,7997670.798344931992632538607,0.00461604097190443,0.000000193637601235332,0.00000267656878925643,0.0045273209518115,0.00461604097190443,,
2022-07-30,6875921.1246936944447861106624,0.00725425651511645,0.000000302882349357599,0.00000415460439048442,0.007094611560471,0.00725425651511645,,
2022-07-31,5968446.3203726208715869403161,0.00622686509060784,0.000000263588470552759,0.00000367822965167936,0.00609561690393149,0.00622686509060784,,
2022-08-01,6250925.9211672367681089199242,0.00538398401101569,0.000000230516540122861,0.00000319962441023863,0.00527527588657859,0.00538398401101569,,
2022-08-02,5834449.4286457786091527613225,0.00563546152900353,0.000000241539351089404,0.00000344499677555863,0.00549313598220892,0.00563546152900353,,
2022-08-03,5437925.7585613473477511862196,0.00525440769938105,0.000000228140780247004,0.00000320282855097291,0.00517441751580484,0.00525440769938105,,
2022-08-04,4996557.1853354700822222644304,0.00488776041179484,0.000000214283846160775,0.00000302418406873467,0.00481187675341008,0.00488776041179484,,
2022-08-05,5223958.5565692750926968705214,0.00446579314295952,0.000000197354057150728,0.00000277904717354632,0.00436010653508772,0.00446579314295952,,
2022-08-06,5439815.4995434942432692512106,0.00466486941935119,0.000000200648420893893,0.00000270328796593451,0.00458139043820437,0.00466486941935119,,
2022-08-07,5174206.4905148219772822080176,0.00484958634330209,0.000000210885734048231,0.00000286021162208078,0.00476221990097348,0.00484958634330209,,
2022-08-08,4847160.4745875985702715675527,0.00460483363232024,0.000000198881469985223,0.00000271274187449372,0.00452652501163737,0.00460483363232024,,
2022-08-09,4835973.6167615686293341531817,0.00430940189014027,0.000000181039537920745,0.00000242637978295935,0.00422555587230442,0.00430940189014027,,
2022-08-10,4724953.9181072931119541554252,0.00430459218811563,0.000000185652463756827,0.0000025261806153751,0.00421891249784117,0.00430459218811563,,
2022-08-11,4361945.3039787428342304110745,0.00418929922959547,0.000000175115536860119,0.0000022634706142144,0.00406738577267698,0.00418929922959547,,
2022-08-12,4835589.9495622569064480144725,0.00386744457639195,0.000000161584926528916,0.00000205921815120649,0.00375073029952608,0.00386744457639195,,
2022-08-13,5204623.4305007239351771063854,0.00408093478511895,0.000000167276730706734,0.00000208767113901325,0.00397604499200872,0.00408093478511895,,
2022-08-14,4643665.2835522134138630690625,0.00438977477278002,0.000000179715662515376,0.00000221567312391271,0.0042806963718234,0.00438977477278002,,
2022-08-15,4622114.7087715017312074513536,0.00412926574778125,0.000000169829374842256,0.00000213251080852527,0.0040262960233987,0.00412926574778125,,
2022-08-16,4557365.0283250904255933920046,0.00411010242638464,0.000000170657294507103,0.00000216122565234291,0.0040454660874151,0.00411010242638464,,
2022-08-17,4598714.6021507391316358819681,0.00383597832244082,0.000000160710853172429,0.00000204409359345086,0.00377054245233183,0.00383597832244082,,
2022-08-18,4547662.0059858475447815279382,0.00386879360749207,0.0000001657840144114,0.00000211039613628442,0.00380242153904093,0.00386879360749207,,
2022-08-19,4128135.3865672104025438176804,0.00381843652018969,0.00000016443772734346,0.00000206491192206556,0.00378318572668378,0.00381843652018969,,
2022-08-20,4110759.780653824481382961965,0.00346560241171278,0.000000165764631394394,0.0000021447540817888,0.00345162332629209,0.00346560241171278,,
2022-08-21,3954245.9219412557258547505648,0.00345101545268175,0.000000163194391026274,0.00000218995965596813,0.00343910446075183,0.00345101545268175,,
2022-08-22,3663153.1158374158968966785648,0.00331962082643336,0.000000154014169808105,0.00000204733161333546,0.00331012101516993,0.00331962082643336,,
2022-08-23,3658827.7428610028343341882882,0.00307524610603336,0.000000144370403761507,0.0000019125382709095,0.00309300232747236,0.00307524610603336,,
2022-08-24,3779866.4327087139945187498598,0.00307161492109999,0.000000142636832708313,0.00000184605287785955,0.00308187881324609,0.00307161492109999,,
2022-08-25,3722828.8220703376675171936804,0.00317322786160861,0.00000014810883952077,0.00000191302894135128,0.00318201781645324,0.00317322786160861,,
2022-08-26,3439262.74453635285821014424,0.00312534433491278,0.000000144773372188827,0.00000184375443329528,0.00313409060968827,0.00312534433491278,,
2022-08-27,3337042.9808219870364003744662,0.002887288362868,0.000000142609145045652,0.00000191361760447205,0.00290019505878018,0.002887288362868,,
2022-08-28,3316926.5604852677402853628024,0.00280147406016709,0.000000139766280445623,0.00000187657868540998,0.00281438507004155,0.00280147406016709,,
2022-08-29,3981601.7959570052390638924168,0.00278458616568068,0.000000141539651387658,0.00000193250783200647,0.00280303086835705,0.00278458616568068,,
2022-08-30,3678893.2260740539947984033656,0.00334258629972476,0.000000164895310158338,0.00000215611495250739,0.00334274189642704,0.00334258629972476,,
2022-08-31,3568035.708611082843044856204,0.00308846005346692,0.000000155782491500026,0.00000201914526253627,0.00308232887570063,0.00308846005346692,,
2022-09-01,3415694.8953192189523043987216,0.0029953942879578,0.000000149585189055787,0.00000193035888450643,0.00298312782450584,0.0029953942879578,,
2022-09-02,3311176.6649240711586748014218,0.00286750296645112,0.000000142623078238324,0.00000180761148072107,0.00288018063430445,0.00286750296645112,,
2022-09-03,3289561.202952564044650467329,0.00277975908273451,0.000000139344280123382,0.00000176313970737345,0.00279314405592522,0.00277975908273451,,
2022-09-04,3263256.5301215368151249432664,0.00276161273090155,0.000000139448393312991,0.00000177589238734637,0.00277431987958522,0.00276161273090155,,
2022-09-05,3189996.0987996682726726530502,0.00273952974934548,0.000000137237843967281,0.00000173824711974515,0.00276301464513615,0.00273952974934548,,
2022-09-06,3249857.9919215836789646971856,0.00267802703596589,0.000000135268942528557,0.00000166021435441553,0.00269165359646961,0.00267802703596589,,
2022-09-07,3249739.2346023340444346609734,0.00272828157021592,0.000000144765986284623,0.00000174253657989959,0.00275785177868735,0.00272828157021592,,
2022-09-08,3299390.8407038811778941775072,0.00272818187250413,0.000000141408542630028,0.00000166974927142959,0.00272925703460251,0.00272818187250413,,
2022-09-09,3592273.991526029643585708089,0.00276986478978704,0.000000143374237244855,0.00000169455891525785,0.00276791601650987,0.00276986478978704,,
2022-09-10,3595287.682137074667667677607,0.00301230706100948,0.000000141003737306865,0.00000175397144147882,0.00299506138291062,0.00301230706100948,,
2022-09-11,3509298.6405217653488461653208,0.00302300591821256,0.000000139211447050795,0.00000169850762851099,0.00300430358912533,0.00302300591821256,,
2022-09-12,3518891.2037670641765743755324,0.00294974306250928,0.000000135727888590569,0.0000016773882948839,0.00292788198317995,0.00294974306250928,,
2022-09-13,3466733.8840603285086810984934,0.00296165378203926,0.00000013242232816804,0.00000173107950030749,0.0029241529100477,0.00296165378203926,,
2022-09-14,3471624.0073287593109819883388,0.00291035060246813,0.000000144326531988939,0.000001848964982165,0.00291732797362851,0.00291035060246813,,
2022-09-15,3425659.9890380103515979989744,0.00291445589975266,0.000000143949580563973,0.00000178389548609579,0.00291909236373566,0.00291445589975266,,
2022-09-16,3416875.6886426442673836276652,0.00287586874169608,0.000000146006383818219,0.00000195297819485695,0.00287738730575583,0.00287586874169608,,
2022-09-17,3385702.5745354485769980189144,0.00286849425181514,0.000000145302179363866,0.00000200585006798939,0.00286490392685242,0.00286849425181514,,
2022-09-18,3280413.5067972379878495853768,0.00284232417517908,0.000000141263665964654,0.00000193438263337977,0.00283949920343974,0.00284232417517908,,
2022-09-19,3220259.7230194516647273440416,0.00275393316739676,0.000000141757294200561,0.000002058463874745,0.00274886504185288,0.00275393316739676,,
2022-09-20,3172451.1452659710567101538256,0.00270343358862512,0.000000138226647592509,0.00000195980335852545,0.00269706159790195,0.00270343358862512,,
2022-09-21,3219350.9567719539336461844932,0.00266329790826392,0.000000141117203567463,0.0000020124528742279,0.00267142062330765,0.00266329790826392,,
2022-09-22,3196117.8041694474980582071582,0.00270267067214974,0.000000146036938010728,0.00000216364117906652,0.00274567269992356,0.00270267067214974,,
2022-09-23,3193128.596258881350348645486,0.00268316625619649,0.000000138203959777907,0.00000201943879202025,0.00272532814369401,0.00268316625619649,,
2022-09-24,3194963.1725722994751390771268,0.0026806567924377,0.000000138701068042102,0.00000201408516886697,0.00276444970491016,0.0026806567924377,,
2022-09-25,3179640.3930920153691020121246,0.00268219693380926,0.000000141729450208369,0.00000203658371302275,0.00276543628437239,0.00268219693380926,,
2022-09-26,3163319.8248037445419612118356,0.00266933333885697,0.000000142037522442064,0.00000206197930589892,0.0027544700151023,0.00266933333885697,,
2022-09-27,3251037.0308558371067559731458,0.00265563209228342,0.000000138306019191024,0.00000199015177835544,0.00276069233468803,0.00265563209228342,,
2022-09-28,3054086.8694416575518275043344,0.00272927138275631,0.000000142843391282633,0.00000205127443351765,0.00284562479617778,0.00272927138275631,,
2022-09-29,3079282.3483612957687325380752,0.00256393015954808,0.000000131788148779815,0.00000191461413630446,0.00263880753435619,0.00256393015954808,,
2022-09-30,3114696.0626973754598361573702,0.00258508196401464,0.000000132291061701091,0.00000193836216949658,0.00263060257774667,0.00258508196401464,,
2022-10-01,2896120.143756227305794892876,0.00261481205818989,0.000000134540049619697,0.00000197035593050191,0.00266823896447159,0.00261481205818989,0.002621,gate.io-sbr-usdt-spot
2022-10-02,2842070.6848341114368786168388,0.0024313158399482,0.000000125897538342294,0.00000185423585865592,0.00248146973877122,0.0024313158399482,0.002429,gate.io-sbr-usdt-spot
2022-10-03,2740721.2714973097121283106218,0.00238594089032766,0.00000012547484357904,0.00000186904954431022,0.00243542007314712,0.00238594089032766,0.002391,gate.io-sbr-eth-spot
2022-10-04,2799328.8204232678046477597392,0.00230085725367451,0.000000117190778719213,0.00000173726963901819,0.00233994987492797,0.00230085725367451,0.002302,gate.io-sbr-eth-spot
2022-10-05,2878721.6371717459366046516544,0.00235005875601944,0.000000115538941699518,0.00000172437846015882,0.00235454471793452,0.00235005875601944,0.00235,gate.io-sbr-usdt-spot
2022-10-06,4100389.560450263615464934753,0.00241670965562208,0.000000119905616531198,0.00000178677075047142,0.0024406179194482,0.00241670965562208,0.002422,gate.io-sbr-eth-spot
2022-10-07,3641166.2501422551673182017382,0.00344230957053835,0.000000172542107905152,0.00000254730457918619,0.00351539165378539,0.00344230957053835,0.00368,kraken-sbr-usd-spot
2022-10-08,3681658.2310071913049297191196,0.00305678795782749,0.000000156444313531836,0.00000229395431311465,0.00313891765809491,0.00305678795782749,0.0031,kraken-sbr-usd-spot
2022-10-09,3232982.2648583482501169697384,0.00309078129704722,0.00000015918588198783,0.00000234958369533604,0.00317419584591668,0.00309078129704722,0.003026,gate.io-sbr-eth-spot
2022-10-10,3208169.9416677641429991694318,0.00271411426344588,0.000000139698526641625,0.00000205469230080375,0.00278864027966615,0.00271411426344588,0.00272,gate.io-sbr-usdt-spot
2022-10-11,3124588.3550912855028165719646,0.00269328412125401,0.000000140609130321097,0.0000020845057784369,0.00277399670718848,0.00269328412125401,0.0027,gate.io-sbr-usdt-spot
2022-10-12,2625638.7027419845959040528122,0.00262311671614497,0.000000137773930063321,0.00000205164480694601,0.00270304740677808,0.00262311671614497,0.002623,gate.io-sbr-usdt-spot
2022-10-13,2554804.341111539992108306204,0.00220424452408179,0.000000115062624612052,0.00000170260053612911,0.00227095564690004,0.00220424452408179,0.002201,gate.io-sbr-eth-spot
2022-10-14,2562471.3952188066191564311062,0.0021447785154578,0.000000110624969802474,0.00000166494087066891,0.00219526355057722,0.0021447785154578,0.002142,gate.io-sbr-usdt-spot
2022-10-15,2400750.4072280919173596117414,0.00215121506821509,0.00000011217276991925,0.00000165819635096027,0.00221273176195475,0.00215121506821509,0.00211,kraken-sbr-usd-spot
2022-10-16,2443417.6471389094439183105826,0.00201544901562173,0.000000105687584386999,0.00000158074805842794,0.00207460310822223,0.00201544901562173,0.002019,gate.io-sbr-usdt-spot
2022-10-17,2424734.0507449282547629498494,0.00205126850207007,0.000000106494400802812,0.00000157111919893287,0.00210577855523788,0.00205126850207007,0.002051,gate.io-sbr-usdt-spot
2022-10-18,2492978.7300297554478479510212,0.00203558347465233,0.000000104084532622711,0.00000152779203242877,0.00206815986387823,0.00203558347465233,0.002038,gate.io-sbr-eth-spot
2022-10-19,2369575.4385634870375584523118,0.00209287542439934,0.000000108206986410779,0.0000015960316379004,0.00212202055179919,0.00209287542439934,0.002092,gate.io-sbr-usdt-spot
2022-10-20,2322983.4673287268098871974392,0.00198927738207001,0.000000103975607651404,0.00000154848010694089,0.00203740291445298,0.00198927738207001,0.001985,gate.io-sbr-usdt-spot
2022-10-21,2326553.296214198212527948148,0.00195016305253444,0.000000102460175750178,0.00000152129703746319,0.00199491323797164,0.00195016305253444,0.001938,gate.io-sbr-usdt-spot
2022-10-22,2317423.124192695577765020776,0.0019531599522086,0.000000101860367529129,0.00000150257487373339,0.00198128704487853,0.0019531599522086,0.001952,gate.io-sbr-usdt-spot
2022-10-23,2307628.4316467831770363014056,0.0019454951003532,0.000000101287626400835,0.00000148024480052519,0.0019726748040378,0.0019454951003532,0.001932,gate.io-sbr-usdt-spot
2022-10-24,2363802.5376834765175155270688,0.00193727237824492,0.0000000990151572646264,0.00000142043310445101,0.00196539368578263,0.00193727237824492,0.001913,gate.io-sbr-usdt-spot
2022-10-25,2418938.940527323911985248653,0.00198443098597616,0.000000102599853600441,0.00000147590382921414,0.00200698881482545,0.00198443098597616,0.002003,gate.io-sbr-eth-spot
2022-10-26,2399197.7372944997264149689276,0.00203071843364335,0.000000101056101644503,0.00000138967486486477,0.00203800390931449,0.00203071843364335,0.0020285272799999998,gate.io-sbr-usdt-spot
2022-10-27,2352800.6136530233584836753394,0.00201414553689282,0.0000000968477449382324,0.00000128186690168422,0.00199643086513088,0.00201414553689282,0.0020094018,gate.io-sbr-usdt-spot
2022-10-28,2371621.3531255968804979859878,0.00197519478345783,0.000000097395351420093,0.00000130394577117834,0.0019810596512459,0.00197519478345783,0.001968213,gate.io-sbr-eth-spot
2022-10-29,2325053.6279242015746788895354,0.00199099494357821,0.0000000966285977366615,0.00000127958636475241,0.00199810245417914,0.00199099494357821,0.0019908352,gate.io-sbr-eth-spot
2022-10-30,2331083.0589360068626417780528,0.00195190096878003,0.0000000938238011256388,0.00000120569957068257,0.00195774711367592,0.00195190096878003,0.00194418,gate.io-sbr-eth-spot
2022-10-31,2622707.3990671169002695989058,0.00195696272395496,0.0000000949212242229031,0.00000123117315829765,0.0019654218571753,0.00195696272395496,0.0019720836,gate.io-sbr-eth-spot
2022-11-01,2781773.4265695452374983223446,0.00220178367138831,0.000000107451998932963,0.00000140133544262886,0.00222680350735579,0.00220178367138831,0.0021998900000000004,gate.io-sbr-usdt-spot
2022-11-02,2632471.5053123586614430995982,0.00233532086358597,0.00000011400725831369,0.00000147781178630791,0.00236491284476382,0.00233532086358597,0.0023,kraken-sbr-usd-spot
2022-11-03,2617958.7211643582447754036608,0.00220998071605449,0.000000109685800305069,0.00000145433899056073,0.00225155415949284,0.00220998071605449,0.002208,gate.io-sbr-usdt-spot
2022-11-04,2542282.2357630623427161968098,0.00219779711861056,0.000000108812012092026,0.00000143665986970254,0.00225441383075404,0.00219779711861056,0.0021987801,gate.io-sbr-usdt-spot
2022-11-05,2669783.1628986939390967373208,0.00213426610866111,0.000000100876371945962,0.00000129761107682296,0.00214434696461622,0.00213426610866111,0.0021302129999999997,gate.io-sbr-usdt-spot
2022-11-06,2408237.4304399626094156599784,0.00224130414864756,0.000000105307263343905,0.0000013772722416352,0.00225144056444477,0.00224130414864756,0.0022270445399999996,gate.io-sbr-usdt-spot
2022-11-07,2408662.9923154949051655900118,0.00202173443101388,0.0000000965175653556612,0.00000128366158187541,0.00203664302695483,0.00202173443101388,0.00198,kraken-sbr-usd-spot
2022-11-08,1998692.2697218642435752543236,0.00202209169358501,0.0000000983098082899739,0.00000129004043121757,0.00201915037150133,0.00202209169358501,0.0020412040999999996,gate.io-sbr-usdt-spot
2022-11-09,1541763.7576869272019480945264,0.00167791801905502,0.0000000905955742940976,0.00000125982383657274,0.00166766933174471,0.00167791801905502,0.0016765143000000001,gate.io-sbr-usdt-spot
2022-11-10,1747429.9267523141374649476508,0.00129432290770248,0.0000000821359933345705,0.00000118419435941047,0.00129282335275292,0.00129432290770248,0.0012930575,gate.io-sbr-usdt-spot
2022-11-11,1717597.272199822275342117219,0.00146698128849106,0.0000000836288941529027,0.00000113056836352898,0.00144067765035477,0.00146698128849106,0.0014945707999999998,gate.io-sbr-usdt-spot
2022-11-12,1573619.6183292839631495552308,0.00144193653828705,0.0000000852367009511116,0.00000112572042791224,0.00139166969932291,0.00144193653828705,0.0014514963,gate.io-sbr-eth-spot
2022-11-13,1521372.521684579386236097915,0.00132106615547206,0.0000000787697239448482,0.00000105516120556931,0.00127892889625417,0.00132106615547206,0.00139,kraken-sbr-usd-spot
2022-11-14,1605280.904316444265190411705,0.00127720430328425,0.0000000782576779746897,0.00000104676217930774,0.00123518977765532,0.00127720430328425,0.0012692206000000001,gate.io-sbr-usdt-spot
2022-11-15,1627269.919147254409314901019,0.00134764605627475,0.0000000810395866106006,0.00000108617673166151,0.00130554699208378,0.00134764605627475,0.0013222788000000001,gate.io-sbr-usdt-spot
2022-11-16,1556298.7063605566534147748172,0.00136610600869705,0.0000000810476347516409,0.00000109327980492564,0.00131991292492126,0.00136610600869705,0.0013672203,gate.io-sbr-usdt-spot
2022-11-17,1580855.0477189165907533528206,0.00130652511244154,0.0000000784247290242429,0.00000107551210474291,0.00125660403335043,0.00130652511244154,0.0013078219000000001,gate.io-sbr-usdt-spot
2022-11-18,1544773.9730327363612222412112,0.00132714035585417,0.000000079587772594593,0.00000110620606009279,0.00128041575026181,0.00132714035585417,0.001320231,gate.io-sbr-eth-spot
2022-11-19,1529388.0236547769051560420314,0.00129685000736984,0.0000000778350220845919,0.00000107223876427739,0.00125543074543665,0.00129685000736984,0.00129831,gate.io-sbr-usdt-spot
2022-11-20,1298629.4939333111967140401972,0.00128393338078723,0.000000076900638998123,0.00000105360811517796,0.00124246961266724,0.00128393338078723,0.0012894508,gate.io-sbr-usdt-spot
2022-11-21,1125701.57261975405628962573674,0.00109020976413254,0.0000000671028611592256,0.000000956623961462352,0.00105496796158378,0.00109020976413254,0.0010873665,gate.io-sbr-usdt-spot
2022-11-22,1110050.20822671824215217422838,0.000945035402093243,0.0000000598957003184502,0.000000853195727085755,0.000922672392266941,0.000945035402093243,0.0009367806000000001,gate.io-sbr-usdt-spot
2022-11-23,1228799.6822954553173422656574,0.000931895957499541,0.000000057620870188815,0.000000821217576953077,0.000904102435629375,0.000931895957499541,0.0009247036,gate.io-sbr-usdt-spot
2022-11-24,1691958.5932604109679744874376,0.00103158708319793,0.0000000622410547278094,0.000000871886498601408,0.000990393580977175,0.00103158708319793,0.0010398549,gate.io-sbr-usdt-spot
2022-11-25,1360598.9004209270381193244652,0.00142041266388732,0.0000000856520383952872,0.00000118103318187019,0.00136352509797555,0.00142041266388732,0.0014198632,gate.io-sbr-usdt-spot
2022-11-26,1305535.9155809806073615048168,0.00114223357257514,0.0000000691324715820296,0.000000952606029450815,0.00109706358976585,0.00114223357257514,0.0011421998999999999,gate.io-sbr-usdt-spot
2022-11-27,1468600.3277743645944333654788,0.00109600775990476,0.0000000666321150422744,0.000000909686374807234,0.00105367739873283,0.00109600775990476,0.0010842405,gate.io-sbr-usdt-spot
2022-11-28,1383763.496425842423469597985,0.00123290162777566,0.0000000750119444674321,0.00000103010776285221,0.00118870872753969,0.00123290162777566,0.0012272631999999998,gate.io-sbr-usdt-spot
2022-11-29,1375993.8082126797843557780078,0.00116168043472075,0.0000000716530208795081,0.000000993809173718363,0.00112263549151603,0.00116168043472075,0.001159536,gate.io-sbr-usdt-spot
2022-11-30,1430235.2741026107129608453378,0.00115515771981721,0.0000000702520910500542,0.000000949121606100132,0.00111902147380245,0.00115515771981721,0.0011556300799999998,gate.io-sbr-usdt-spot
2022-12-01,1423528.069703328166507433056,0.00120069386081071,0.000000069901667488513,0.000000925005699091866,0.0011521981836294,0.00120069386081071,0.0012042408,gate.io-sbr-usdt-spot
2022-12-02,1499018.230542970949507458385,0.0011950631094992,0.0000000704582600956557,0.000000936782053086333,0.00113516006074371,0.0011950631094992,0.00122,kraken-sbr-usd-spot
2022-12-03,1470445.8634261783489321237368,0.00125843769850075,0.0000000737001262129467,0.000000973366574119216,0.00119447054131118,0.00125843769850075,0.00126207572,gate.io-sbr-usdt-spot
2022-12-04,1628438.844860546967779661676,0.00123445096959876,0.0000000730465653000377,0.000000994777888914242,0.0011727214798578,0.00123445096959876,0.001220122,gate.io-sbr-usdt-spot
2022-12-05,1556513.422774484760411377146,0.0013670873311082,0.0000000798452335241053,0.00000106800905098709,0.00129687234816727,0.0013670873311082,0.0013834584,gate.io-sbr-eth-spot
2022-12-06,1551473.1427907572756183449868,0.0013067053685747,0.0000000770401666688677,0.00000103827939400917,0.00124460047170907,0.0013067053685747,0.0013078692,gate.io-sbr-usdt-spot
2022-12-07,1638203.4319001843655699353062,0.00130247401353626,0.0000000762996283560952,0.00000102542019807725,0.00124322998177685,0.00130247401353626,0.0013028697,gate.io-sbr-usdt-spot
2022-12-08,1579656.676491229070477714559,0.00137528477940509,0.0000000816277435630255,0.00000111580223176829,0.00130846178050152,0.00137528477940509,0.001375,gate.io-sbr-usdt-spot
2022-12-09,1500879.2034236868,0.00132613431370005,0.0000000769600832856962,0.00000103472231120575,0.00125560472341612,0.00132613431370005,0.001326,gate.io-sbr-usdt-spot
2022-12-10,1662856.57693417414234087537,0.00126,0.0000000735287724176265,0.000000997459945572956,0.00119541178577126,0.00126,0.00126,kraken-sbr-usd-spot
2022-12-11,1768829.5320379187404548550182,0.0013959812902715,0.0000000815208940311163,0.00000110199933771337,0.00132407013184931,0.0013959812902715,0.001404,gate.io-sbr-usdt-spot
2022-12-12,1667436.0554494789734498496446,0.00148494642692349,0.000000086867620060349,0.00000117566470498566,0.00141016088043502,0.00148494642692349,0.00151,kraken-sbr-usd-spot
2022-12-13,1607073.5161690964670105893654,0.00139982579882097,0.0000000814064007426482,0.00000109809185963377,0.00132661458058933,0.00139982579882097,0.0014021402,gate.io-sbr-usdt-spot
2022-12-14,1555252.513650760226134256067,0.00134915096814853,0.0000000759019575772919,0.00000102177296262695,0.00126913003572547,0.00134915096814853,0.0013467440700000001,gate.io-sbr-usdt-spot
2022-12-15,1529956.653378931209865320391,0.00130564682536065,0.0000000733108957350242,0.000000998087896070128,0.00122273089646251,0.00130564682536065,0.001307,gate.io-sbr-usdt-spot
2022-12-16,1436958.0855876056843703602218,0.00128441074995245,0.0000000740548153341135,0.00000101604460938507,0.00120673420531314,0.00128441074995245,0.0012850256999999998,gate.io-sbr-usdt-spot
2022-12-17,1430143.5415885328323432233022,0.00120633771439451,0.0000000726442075644804,0.0000010358847225797,0.00113947140145901,0.00120633771439451,0.001211,gate.io-sbr-usdt-spot
2022-12-18,1404653.0742656610732180185434,0.00120061685063729,0.0000000715744168347615,0.00000101140045408307,0.00113397412797738,0.00120061685063729,0.0012011201,gate.io-sbr-usdt-spot
2022-12-19,1384901.462768017799677837156,0.00117921740106563,0.0000000702914432818415,0.000000993108068275138,0.00111315962274028,0.00117921740106563,0.00118118896,gate.io-sbr-usdt-spot
2022-12-20,1381761.8063265688,0.0011626357664942,0.0000000707882650953274,0.000000996145286841531,0.00109505002997894,0.0011626357664942,0.001159,gate.io-sbr-usdt-spot
2022-12-21,1309304.7355901505910579384688,0.00116,0.0000000686316745928684,0.000000952546336797631,0.00109172858599196,0.00116,0.00116,kraken-sbr-usd-spot
2022-12-22,1294462.849293229330264359901,0.00109917171420616,0.000000065424812184116,0.000000906625363493132,0.001035499781046,0.00109917171420616,0.0011,gate.io-sbr-usdt-spot
2022-12-23,1208662.9608052392962496814544,0.00108671183289695,0.0000000646305131134454,0.000000893056136724198,0.00102494930768427,0.00108671183289695,0.0010907818,gate.io-sbr-usdt-spot
2022-12-24,1232168.3236320792824828623418,0.00101468214573208,0.00000006046787157698,0.000000831796912819889,0.000954963084278584,0.00101468214573208,0.001016,gate.io-sbr-usdt-spot
2022-12-25,1216174.1000052001563914439444,0.00103441508432851,0.0000000614347850443359,0.000000847477848232939,0.000972754225029024,0.00103441508432851,0.0010299485,gate.io-sbr-usdt-spot
2022-12-26,1182890.09630417738594387613582,0.00102098780668758,0.0000000606833627521532,0.000000838399153159687,0.000961199569580339,0.00102098780668758,0.00102590766,gate.io-sbr-usdt-spot
2022-12-27,1231601.5018377581892196510814,0.000993045621488649,0.0000000588299322019738,0.000000811061361842126,0.000932497193472245,0.000993045621488649,0.0009927914699999999,gate.io-sbr-usdt-spot
2022-12-28,1199370.940207271510491114309,0.00103393923293473,0.0000000619165654671666,0.000000853384013920096,0.000971712945771476,0.00103393923293473,0.00103355538,gate.io-sbr-usdt-spot
2022-12-29,1250960.6526625475616525160376,0.00100688142071255,0.000000060889181610102,0.000000847466294403835,0.000947000946536668,0.00100688142071255,0.001007496,gate.io-sbr-usdt-spot
2022-12-30,1523223.6796366669457604349872,0.00105019139365732,0.0000000631481621766866,0.000000874488347906817,0.000985039299661247,0.00105019139365732,0.00105,kraken-sbr-usd-spot
2022-12-31,1278409.0000498635395980554984,0.00127875836507304,0.0000000770629350875305,0.00000106689151603917,0.0011945826035534,0.00127875836507304,0.0012803595000000002,gate.io-sbr-usdt-spot
2023-01-01,1290228.8880338308537997742776,0.00107323449907788,0.0000000649491862131257,0.000000897855579282858,0.00100140457987108,0.00107323449907788,0.00109,kraken-sbr-usd-spot
2023-01-02,1312404.6077500967624210057366,0.00108315738882532,0.0000000652239153089303,0.000000902626704888393,0.00100973149558613,0.00108315738882532,0.0010835664,gate.io-sbr-usdt-spot
2023-01-03,1286744.8460213243937429750942,0.00110177408148037,0.000000066019091307196,0.000000906931040503968,0.00103127073393305,0.00110177408148037,0.00110265807,gate.io-sbr-usdt-spot
2023-01-04,1250678.7079454901647421719068,0.00108023250791169,0.0000000648006894658055,0.00000088964718335188,0.00102364710190091,0.00108023250791169,0.00108655433,gate.io-sbr-usdt-spot
2023-01-05,1266072.3022070251686511481822,0.00104995469883026,0.0000000623178945893024,0.000000836003032918661,0.000989753128388201,0.00104995469883026,0.0010506636800000002,gate.io-sbr-usdt-spot
2023-01-06,1245546.5973929355621583749788,0.00106287774335329,0.0000000631732758674823,0.000000850201460666952,0.0010099774506106,0.00106287774335329,0.00106458465,gate.io-sbr-usdt-spot
2023-01-07,1207175.5131951176046320533514,0.00104564625130066,0.0000000616614426050133,0.000000823828556927963,0.000982032924128675,0.00104564625130066,0.0010405963999999999,gate.io-sbr-eth-spot
2023-01-08,1215596.962315883788912678358,0.00101343342166123,0.0000000598155956928357,0.00000080208158473371,0.000951858799455708,0.00101343342166123,0.0010137972,gate.io-sbr-usdt-spot
2023-01-09,1303966.6516837848449206736532,0.0010205032950181,0.0000000598211466829444,0.000000794388523244148,0.000957480706693406,0.0010205032950181,0.0010237952,gate.io-sbr-usdt-spot
2023-01-10,1324872.6638028080379820657038,0.00109469035041174,0.0000000637102766001546,0.000000828920568637617,0.00101991396121998,0.00109469035041174,0.0010931093,gate.io-sbr-usdt-spot
2023-01-11,1303042.9189270694427824574816,0.00111224111346441,0.0000000637975541888549,0.000000832729971822013,0.00103607909264527,0.00111224111346441,0.00111119998,gate.io-sbr-usdt-spot
2023-01-12,1315265.6127607771328295628264,0.00109391486943312,0.0000000613397224957306,0.000000792396739084628,0.00101593709966733,0.00109391486943312,0.0011068782299999999,gate.io-sbr-usdt-spot
2023-01-13,1321863.27185773351479400223,0.00110417591788748,0.000000058515803403857,0.000000779155410081645,0.00101713728100297,0.00110417591788748,0.0011051215500000001,gate.io-sbr-usdt-spot
2023-01-14,1640531.6307060651555593637496,0.0011097147050485,0.0000000558523367384957,0.000000765381690090002,0.00102435564919847,0.0011097147050485,0.0011121112,gate.io-sbr-usdt-spot
2023-01-15,1773414.868248532824030114987,0.00137723932077572,0.0000000655487309684732,0.000000887636152077647,0.00127059765502647,0.00137723932077572,0.0014012801999999998,gate.io-sbr-usdt-spot
2023-01-16,1614660.060252404515201723242,0.00148879585305465,0.0000000713161162514989,0.000000959078165019577,0.00137452298770583,0.00148879585305465,0.0014942988,gate.io-sbr-usdt-spot
2023-01-17,1662415.7239742429268466214542,0.0013555199321019,0.0000000639987520258566,0.000000859037558505925,0.0012517927948953,0.0013555199321019,0.0013640682,gate.io-sbr-usdt-spot
2023-01-18,1526499.6181341255308927451162,0.00139561119071369,0.0000000658981707927022,0.000000888816697632505,0.00129364658797069,0.00139561119071369,0.00139419516,gate.io-sbr-usdt-spot
2023-01-19,1521110.7020326413149038274672,0.00128150854143459,0.0000000618797222658139,0.000000843109784243809,0.00118649029544325,0.00128150854143459,0.0012848714999999999,gate.io-sbr-usdt-spot
2023-01-20,1826171.6930789691300700520076,0.00127698450360904,0.0000000606014900765403,0.000000823688400354535,0.00117837920394188,0.00127698450360904,0.0012790255799999999,gate.io-sbr-usdt-spot
2023-01-21,1767005.6908303520799029708946,0.00153308562609882,0.0000000676538888868049,0.000000924619046020273,0.00141225839414752,0.00153308562609882,0.00154324688,gate.io-sbr-usdt-spot
2023-01-22,1785530.4106947749605433102672,0.00148341529775847,0.0000000650530219312382,0.000000911118412534139,0.00136650728211184,0.00148341529775847,0.00148423744,gate.io-sbr-usdt-spot
2023-01-23,1778010.3812024258021577819972,0.00149896694706904,0.0000000659864701461234,0.000000920590446275507,0.00137950895924722,0.00149896694706904,0.0015013302200000001,gate.io-sbr-usdt-spot
2023-01-24,1669774.0513405831449299170084,0.00149265382264254,0.0000000650988792400524,0.0000009168998226266,0.00137346808207819,0.00149265382264254,0.0014921492,gate.io-sbr-usdt-spot
2023-01-25,1636549.2916285533205245278904,0.00140178856492238,0.0000000619955198359123,0.000000902201597879835,0.0012877540102911,0.00140178856492238,0.00136617758,gate.io-sbr-usdt-spot
2023-01-26,1595863.3153982999668016585498,0.00137389611552228,0.0000000594526414230297,0.000000854555493337937,0.00125797121025887,0.00137389611552228,0.00137121936,gate.io-sbr-usdt-spot
2023-01-27,1664249.8662026273978366449556,0.00133973991565411,0.0000000582275629829054,0.000000836325982097404,0.0012291940878738,0.00133973991565411,0.001345,gate.io-sbr-usdt-spot
2023-01-28,1611436.4703673103648869389322,0.00139715096766742,0.0000000605600737807325,0.000000874301716268472,0.00128558101252244,0.00139715096766742,0.0013934179,gate.io-sbr-usdt-spot
2023-01-29,1741998.2447286812649993385572,0.00135281370281579,0.0000000587954672264805,0.000000861561925893543,0.00124500491650161,0.00135281370281579,0.0013573121099999998,gate.io-sbr-usdt-spot
2023-01-30,1619515.761696999648738184796,0.00146242134833454,0.0000000615108968137722,0.000000888309636287219,0.00134527962127164,0.00146242134833454,0.00146401464,gate.io-sbr-usdt-spot
2023-01-31,1668217.3621268849115788836974,0.0013595963319922,0.0000000596329160551109,0.000000868203342307229,0.0012531425304019,0.0013595963319922,0.0013600952,gate.io-sbr-usdt-spot
2023-02-01,1594811.5685440358307036972466,0.00140048171197593,0.0000000605481439138567,0.000000883684427691584,0.00128933352374544,0.00140048171197593,0.0013991399,gate.io-sbr-usdt-spot
2023-02-02,1642294.8125500602987549983896,0.00133885696582487,0.000000056427088686782,0.000000815430443176715,0.00121607179336962,0.00133885696582487,0.0013340667,gate.io-sbr-usdt-spot
2023-02-03,1683484.239765457468710121989,0.00137871952592372,0.0000000586549265644594,0.00000083744637595333,0.0012637523153315,0.00137871952592372,0.00136621856,gate.io-sbr-usdt-spot
2023-02-04,1645335.6630739340014859538452,0.00141329837688855,0.000000060279349928966,0.000000848519405642225,0.00130893927295267,0.00141329837688855,0.00141209884,gate.io-sbr-usdt-spot
2023-02-05,1616825.7975224437707293702852,0.00138127234406614,0.0000000591411402809251,0.000000826590983784821,0.00127988198184349,0.00138127234406614,0.001382,gate.io-sbr-usdt-spot
2023-02-06,1650850.2133464077220457021944,0.00135733808572414,0.0000000591246579000296,0.000000832150384786584,0.00125806756850889,0.00135733808572414,0.00135732568,gate.io-sbr-usdt-spot
2023-02-07,1621304.1229217859853594627888,0.00138590185277508,0.0000000609317123227609,0.000000858529064325014,0.00129202886693952,0.00138590185277508,0.0013861386,gate.io-sbr-usdt-spot
2023-02-08,1660943.5250604038101285215448,0.00136109767543016,0.0000000585008994572604,0.000000813702110946317,0.00126853788513493,0.00136109767543016,0.0013731373,gate.io-sbr-usdt-spot
2023-02-09,1662794.3215097854055865887368,0.00139437526804436,0.0000000607899905467933,0.000000844956602960184,0.00130164414603556,0.00139437526804436,0.001393,gate.io-sbr-usdt-spot
2023-02-10,1695264.355710033765157727653,0.00139592902634876,0.0000000639800301494336,0.000000903148897954197,0.00130005180932849,0.00139592902634876,0.001391,gate.io-sbr-usdt-spot
2023-02-11,1656632.3158038334718397206924,0.00142318787769335,0.0000000658256507300664,0.00000093986322605431,0.00133333376294616,0.00142318787769335,0.00142218486,gate.io-sbr-usdt-spot
2023-02-12,1625530.9226454169865115754142,0.00139075597366618,0.0000000636068927792144,0.000000902981900850656,0.00130320492811001,0.00139075597366618,0.0013941394,gate.io-sbr-usdt-spot
2023-02-13,1602788.805287092717128420439,0.00136464610733569,0.0000000626785550242308,0.0000009014863126743,0.00127833337834561,0.00136464610733569,0.00136924642,gate.io-sbr-usdt-spot
2023-02-14,1609936.0739866014407337274622,0.00134555391936605,0.000000061726293275482,0.000000893329969216232,0.00125395668062417,0.00134555391936605,0.0013438057999999998,gate.io-sbr-usdt-spot
2023-02-15,1557572.7145031803377874286502,0.00135155410814929,0.0000000608194071383931,0.000000867812341859237,0.0012584993638088,0.00135155410814929,0.0013534058999999999,gate.io-sbr-usdt-spot
2023-02-16,1624529.4951022325809306806848,0.00130759465238589,0.0000000538002663656271,0.000000781660003543843,0.00122208495804608,0.00130759465238589,0.0013092225300000001,gate.io-sbr-usdt-spot
2023-02-17,1575367.8065897491316870859096,0.00136380540096736,0.0000000574416485181402,0.00000082961791994626,0.0012781631807721,0.00136380540096736,0.001372,gate.io-sbr-usdt-spot
2023-02-18,1584025.1966795640549738256124,0.00132253377338772,0.0000000537455088429992,0.000000779774794462044,0.00123639871811867,0.00132253377338772,0.0013242250800000002,gate.io-sbr-usdt-spot
2023-02-19,1634155.4543219205047971053628,0.00132980172106018,0.0000000539768345578919,0.000000786429171872375,0.00124303484302898,0.00132980172106018,0.001286452,gate.io-sbr-eth-spot
2023-02-20,1626783.3773984222869666721592,0.00137188647010946,0.0000000563010214754952,0.000000815043060664028,0.00128331999465921,0.00137188647010946,0.00137738556,gate.io-sbr-usdt-spot
2023-02-21,1651531.9952245516052004428284,0.00136569755303844,0.0000000550732396789066,0.000000802933564060044,0.00127713131833599,0.00136569755303844,0.001376,gate.io-sbr-usdt-spot
2023-02-22,1630122.083380551988562735652,0.00138647421407138,0.0000000568218068949846,0.000000837700844919882,0.00130213590519354,0.00138647421407138,0.00139118083,gate.io-sbr-usdt-spot
2023-02-23,1586934.2218577893780943103728,0.0013685004232014,0.0000000566344647349736,0.000000833464942252107,0.00129046993159605,0.0013685004232014,0.0013700410999999998,gate.io-sbr-usdt-spot
2023-02-24,1521822.187033215906241007514,0.00133224387077896,0.0000000557190282144935,0.000000807717726754964,0.00125715593920752,0.00133224387077896,0.001330133,gate.io-sbr-usdt-spot
2023-02-25,1510102.9888350459829394171728,0.0012775818009123,0.0000000551256252931589,0.000000794368314944061,0.00121186937378195,0.0012775818009123,0.0012791279,gate.io-sbr-usdt-spot
2023-02-26,1530821.5404590188721530030834,0.00126774344103896,0.0000000547389267544978,0.000000795370051948587,0.00120381647407469,0.00126774344103896,0.00126,kraken-sbr-usd-spot
2023-02-27,1485103.3604591646330668204748,0.00128513682951863,0.0000000545888864843837,0.00000078334369144899,0.00121845856386447,0.00128513682951863,0.001286,gate.io-sbr-usdt-spot
2023-02-28,1446110.2755462717269621439748,0.00124675605465786,0.0000000530439928172639,0.000000763181729749035,0.00117664056805528,0.00124675605465786,0.00124407464,gate.io-sbr-usdt-spot
2023-03-01,1407276.9587979881380934187814,0.00121402105048286,0.0000000524506920750904,0.000000755616611075518,0.00114912421080698,0.00121402105048286,0.0012151457999999998,gate.io-sbr-usdt-spot
2023-03-02,1334346.376699254066644665477,0.00118142017294973,0.0000000500375770295708,0.000000710967385528475,0.001107327350599,0.00118142017294973,0.0011760411079999999,mexc-sbr-usdt-spot
2023-03-03,1322287.2346285583609452708772,0.00112019437061015,0.0000000477287240906,0.000000679789414305534,0.00105776480848404,0.00112019437061015,0.001115600395,mexc-sbr-usdt-spot
2023-03-04,1303370.3992018851765381856196,0.00111007062515854,0.0000000496673756360027,0.000000707425824586009,0.00104496139851881,0.00111007062515854,0.0011052436629999998,mexc-sbr-usdt-spot
2023-03-05,1300748.9254479520118348114378,0.00109418979172222,0.0000000489914845626045,0.000000698768542812504,0.00103041331644454,0.00109418979172222,0.001091698244,mexc-sbr-usdt-spot
2023-03-06,1256336.5064931712489789661512,0.00109198904370571,0.0000000487064206157728,0.000000698367884431887,0.00102872659727348,0.00109198904370571,0.0010986,mexc-sbr-usdt-spot
2023-03-07,1261642.6382866174420226988292,0.00105470446560284,0.0000000470541345660411,0.00000067284223324744,0.000987121160827211,0.00105470446560284,0.00104529546,mexc-sbr-usdt-spot
2023-03-08,1239101.5467450063201996351946,0.00105915900534494,0.0000000477644101847656,0.000000678935941122429,0.00100353791291129,0.00105915900534494,0.0010543945500000001,mexc-sbr-usdt-spot
2023-03-09,1219217.0286648940278489056818,0.00104023558014347,0.0000000479340649560987,0.000000678019068678673,0.000986071592763542,0.00104023558014347,0.001043612116,mexc-sbr-usdt-spot
2023-03-10,1204546.0143838226965524518602,0.00102354236944151,0.0000000502973816235102,0.00000071244137293598,0.000968159899613994,0.00102354236944151,0.0010266102659999999,mexc-sbr-usdt-spot
2023-03-11,1167597.90475995406120969517076,0.00101122593654539,0.0000000499607518664154,0.000000705105105397978,0.000948493829658123,0.00101122593654539,0.0010159434000000002,mexc-sbr-usdt-spot
2023-03-12,1146093.08382946383415492916966,0.000980207705351382,0.0000000476170292590857,0.00000066353739227536,0.000906622247570963,0.000980207705351382,0.0009781706799999999,mexc-sbr-usdt-spot
2023-03-13,1249724.4382618363971745984324,0.000962154237550237,0.0000000436035125556607,0.000000606463461282557,0.000890362906750011,0.000962154237550237,0.0009558269700000001,mexc-sbr-usdt-spot
2023-03-14,1243082.0727354376777701315856,0.00104915358185918,0.0000000434352465026875,0.000000625282785130287,0.000963175058595382,0.00104915358185918,0.0010515106,mexc-sbr-usdt-spot
2023-03-15,1300382.4795051828373937407442,0.00104357726329592,0.0000000421323639657026,0.000000611389956193064,0.000966703901363145,0.00104357726329592,0.0010274569790000002,mexc-sbr-usdt-spot
2023-03-16,1285405.2530095918756932200212,0.00109168140942919,0.0000000447230756122074,0.000000659453934097532,0.00102795601463794,0.00109168140942919,0.00109865002,mexc-sbr-usdt-spot
2023-03-17,1203767.0317378521043722934468,0.00107910790894934,0.0000000430897902442866,0.000000643376146773998,0.00101599620422083,0.00107910790894934,0.001082606975,mexc-sbr-usdt-spot
2023-03-18,1219744.888064643487874706162,0.00101057197443326,0.0000000368141655495875,0.00000056424368145726,0.000945066032432777,0.00101057197443326,0.00097694181,mexc-sbr-usdt-spot
2023-03-19,1179451.46874212720897429495124,0.0010239855115959,0.000000037945435763452,0.000000580370481477974,0.000957699924776107,0.0010239855115959,0.001014593462,mexc-sbr-usdt-spot
2023-03-20,1180806.68090305432268000027546,0.000990158866366518,0.0000000351304483978288,0.000000549553817826236,0.000926849099568654,0.000990158866366518,0.000982196352,mexc-sbr-usdt-spot
2023-03-21,1153473.05405038984560126104086,0.000991296577728547,0.0000000356141628040483,0.000000570570684033655,0.000925179620696125,0.000991296577728547,0.00099164572,mexc-sbr-usdt-spot
2023-03-22,1171641.34874180793989374346772,0.000968349781107077,0.0000000343718036917744,0.000000536454948174767,0.000899339026916626,0.000968349781107077,0.0009675034459999999,mexc-sbr-usdt-spot
2023-03-23,1178985.49270461059186151108848,0.000983602208656854,0.0000000359746229517651,0.000000565851467540958,0.000905746048128791,0.000983602208656854,0.0009808232159999998,mexc-sbr-usdt-spot
2023-03-24,1152856.11393617691395886505912,0.000989767675785736,0.0000000348658418965791,0.000000544055310417762,0.000913447998946643,0.000989767675785736,0.0009971957100000002,mexc-sbr-usdt-spot
2023-03-25,1061528.92866970976447817341946,0.000967831854986084,0.0000000352398577020683,0.000000552688944157117,0.000902225559055802,0.000967831854986084,0.0009738352020000001,mexc-sbr-usdt-spot
2023-03-26,1304530.2650419026464326253866,0.000891161958319347,0.0000000324189101478595,0.000000511436118170837,0.000830179351552662,0.000891161958319347,0.0008937143999999999,mexc-sbr-usdt-spot
2023-03-27,1374293.3059124239735977840418,0.00109516350829787,0.0000000390441090615427,0.000000615769152723319,0.00101659949084929,0.00109516350829787,0.001128269478,mexc-sbr-usdt-spot
2023-03-28,1314987.0374455368672905865764,0.00115373013464351,0.0000000424868454745012,0.000000672778739144476,0.00106872772127249,0.00115373013464351,0.001138446192,mexc-sbr-usdt-spot
2023-03-29,1287521.7962536990185294654464,0.00110394205169998,0.0000000404612055585508,0.000000621967052743118,0.00101854864002137,0.00110394205169998,0.00109318248,mexc-sbr-usdt-spot
2023-03-30,1255377.281199940689803716676,0.00108088476379648,0.000000038073678351334,0.000000602248475695003,0.000996244783388504,0.00108088476379648,0.001084895246,mexc-sbr-usdt-spot
2023-03-31,1242910.3591874461600079461056,0.0010538991883582,0.0000000376102990789358,0.000000588180146876765,0.000967227232506295,0.0010538991883582,0.001052621052,mexc-sbr-usdt-spot
2023-04-01,1245107.411616532318727051347,0.00104343310840992,0.0000000365928378158335,0.000000572057028213863,0.000962810121341987,0.00104343310840992,0.0010399846519999999,mexc-sbr-usdt-spot
2023-04-02,1162625.09888499690882943706104,0.00104527755135665,0.0000000366834023333953,0.000000573566943914198,0.000964785062970445,0.00104527755135665,0.0010396364640000001,mexc-sbr-usdt-spot
2023-04-03,1188398.80116311975783133585782,0.000976032995362628,0.0000000346578035445768,0.000000543824946028711,0.00090339133349526,0.000976032995362628,0.0009706746900000001,mexc-sbr-usdt-spot
2023-04-04,1122666.22901341622447688644102,0.000997670222926549,0.000000035821727815211,0.000000550838291600188,0.000915223206114268,0.000997670222926549,0.000993358206,mexc-sbr-usdt-spot
2023-04-05,1132594.24557669325197717281708,0.000942487207051789,0.0000000335238172320987,0.000000504491843154684,0.000860536475811863,0.000942487207051789,0.0009365025229999999,mexc-sbr-usdt-spot
2023-04-06,1060329.78663697990053739022804,0.000950821855730506,0.0000000337286749081424,0.000000497519325718779,0.000872013426706127,0.000950821855730506,0.0009374,mexc-sbr-usdt-spot
2023-04-07,1003908.3780464438875761684707,0.000890155269068278,0.000000031735637830741,0.000000475487950215115,0.000816397341958063,0.000890155269068278,0.00089314635,mexc-sbr-usdt-spot
2023-04-08,1002523.80140143517119094900926,0.000842789048880865,0.0000000301676970997952,0.000000451572569791529,0.000773092399815799,0.000842789048880865,0.000838628003,mexc-sbr-usdt-spot
2023-04-09,1018642.74828761664121644002184,0.000841626685801457,0.0000000300967366381098,0.000000454503381768624,0.000773097518883674,0.000841626685801457,0.000841929165,mexc-sbr-usdt-spot
2023-04-10,1000786.89594161040766519028044,0.000855158669608188,0.0000000301560223418095,0.000000459482875927821,0.000784296205348704,0.000855158669608188,0.0008555129999999999,mexc-sbr-usdt-spot
2023-04-11,1110445.268334764259825546423,0.000840168539886458,0.0000000283003518361894,0.000000439392035942221,0.000772464126032874,0.000840168539886458,0.00083603472,mexc-sbr-usdt-spot
2023-04-12,1489267.4376204873093205802988,0.00093222761359485,0.0000000308204006123648,0.000000492792804521726,0.000853653584231836,0.00093222761359485,0.000950330412,mexc-sbr-usdt-spot
2023-04-13,1345490.9276196500048256826268,0.00125025183047466,0.000000041796265244228,0.000000650569878865014,0.00113716402391961,0.00125025183047466,0.00122,kraken-sbr-usd-spot
2023-04-14,1278856.2162061630926358397454,0.00112955030953426,0.0000000371919570319746,0.000000561724139923785,0.00102297921729011,0.00112955030953426,0.001140284664,mexc-sbr-usdt-spot
2023-04-15,1229161.5035072118980099596626,0.00107360994058953,0.0000000352477427544951,0.000000510700274942758,0.000976315029132931,0.00107360994058953,0.0010679348929999999,mexc-sbr-usdt-spot
2023-04-16,1225274.107427847526237658022,0.00103189083497607,0.0000000340085961631341,0.000000492669675891289,0.000939004553053097,0.00103189083497607,0.0010268721,mexc-sbr-usdt-spot
2023-04-17,1187624.57009362994840804339968,0.0010286273351229,0.0000000339336153307275,0.000000485346402773882,0.000936475308105472,0.0010286273351229,0.0010188144,mexc-sbr-usdt-spot
2023-04-18,1325337.6642845992789864363356,0.000997020249800576,0.0000000338322699121953,0.000000480124624338334,0.000912376669672963,0.000997020249800576,0.00099263488,mexc-sbr-usdt-spot
2023-04-19,1208359.2373455534658976703804,0.00111263148505842,0.0000000366396470168437,0.000000529410194612403,0.00101364771680758,0.00111263148505842,0.0011069647300000001,mexc-sbr-usdt-spot
2023-04-20,1156467.28244474035562694400002,0.00101442716747778,0.0000000352271480456898,0.000000523906089489313,0.00092725613311372,0.00101442716747778,0.001014335977,mexc-sbr-usdt-spot
2023-04-21,1189560.81419409150252586226956,0.000970863459601839,0.0000000343652954499035,0.000000499672223461727,0.000885601970084095,0.000970863459601839,0.0009600672000000001,mexc-sbr-usdt-spot
2023-04-22,1176350.69459489672310544407468,0.000998645742086042,0.0000000365911244988634,0.000000539927886799362,0.000908144986374814,0.000998645742086042,0.0009967607200000001,mexc-sbr-usdt-spot
2023-04-23,1170162.95220627022691587623094,0.000987555741866826,0.0000000354884216296842,0.000000526540141444052,0.000900727467260496,0.000987555741866826,0.000982378584,mexc-sbr-usdt-spot
2023-04-24,1157480.68920568997673470590776,0.000982361083034933,0.0000000355867514010795,0.000000527352348697908,0.000894260465749689,0.000982361083034933,0.0009879493950000003,mexc-sbr-usdt-spot
2023-04-25,1165440.98423068618348918123168,0.000971714222618532,0.000000035309126901864,0.000000527283760839665,0.000879450849581702,0.000971714222618532,0.0009747877229999999,mexc-sbr-usdt-spot
2023-04-26,1125083.73301382583802461680524,0.000978396953452976,0.0000000345690394672989,0.000000523751503514118,0.000891818464770286,0.000978396953452976,0.000977907558,mexc-sbr-usdt-spot
2023-04-27,1134512.57338747856756564842576,0.000944516720841818,0.0000000332761039009636,0.000000505928664151262,0.000855691832104986,0.000944516720841818,0.0009417671459999999,mexc-sbr-usdt-spot
2023-04-28,1112221.99513913404737452686726,0.000952432307148632,0.000000032323586731463,0.000000498821421096323,0.00086383678097265,0.000952432307148632,0.000952704768,mexc-sbr-usdt-spot
2023-04-29,1148277.51249191422692062037134,0.000933719189844557,0.0000000318123802997877,0.000000493004806330296,0.000847347171343706,0.000933719189844557,0.000929974045,mexc-sbr-usdt-spot
2023-04-30,1119984.56134864157860927146242,0.000963988082744713,0.0000000329889842805398,0.000000505805083665028,0.000874590429406421,0.000963988082744713,0.0009682709430000002,mexc-sbr-usdt-spot
2023-05-01,1066198.751879467288126559347,0.000940235925769519,0.000000032022108382637,0.000000498652777164667,0.000854175445089451,0.000940235925769519,0.0009381594730000001,mexc-sbr-usdt-spot
2023-05-02,1062740.30257433863288360336622,0.00089508231195665,0.000000031836521511991,0.000000488642470701967,0.000816062113775746,0.00089508231195665,0.000892751742,mexc-sbr-usdt-spot
2023-05-03,1208638.0756466940749900530554,0.000892178916323929,0.0000000310965789243219,0.000000476511912334053,0.000810067101406303,0.000892178916323929,0.000891709998,mexc-sbr-usdt-spot
2023-05-04,1163097.58033512794474454041206,0.00101466125444403,0.0000000349340595693298,0.000000532603636703555,0.000917182241222865,0.00101466125444403,0.001007661924,mexc-sbr-usdt-spot
2023-05-05,1104822.09139155117383821025268,0.000976429647288917,0.0000000338381782311788,0.000000520194981562839,0.000886170798518084,0.000976429647288917,0.00096545355,mexc-sbr-usdt-spot
2023-05-06,1056004.0404297251465604148429,0.000927506911933926,0.0000000313845588745673,0.000000464777094649413,0.000841090485190898,0.000927506911933926,0.0009172621149999999,mexc-sbr-usdt-spot
2023-05-07,1074747.0811587378218260772617,0.000886523770804655,0.0000000306761330486941,0.000000466511710775268,0.00080457732636485,0.000886523770804655,0.000885547,mexc-sbr-usdt-spot
2023-05-08,1028620.6392591384754423874089,0.000902258702213315,0.0000000313701031763407,0.000000474801208166815,0.000819562395549187,0.000902258702213315,0.000902143242,mexc-sbr-usdt-spot
2023-05-09,1027323.0159839230888832265276,0.000863535188248355,0.0000000311438777906618,0.000000466713142827742,0.000785217842953627,0.000863535188248355,0.00086471712,mexc-sbr-usdt-spot
2023-05-10,982465.115916539373405326375,0.00086244582321282,0.0000000312000747475177,0.000000466635892290538,0.00078690938303485,0.00086244582321282,0.00085466981,mexc-sbr-usdt-spot
2023-05-11,973919.33846252023092053558458,0.00082478726018125,0.0000000298338679712264,0.000000447654954005512,0.000751137286319392,0.00082478726018125,0.000824342486,mexc-sbr-usdt-spot
2023-05-12,927858.46514947723925052512002,0.000817613012202131,0.000000030297368992183,0.000000455344478565684,0.000749387127600243,0.000817613012202131,0.0008177514819999999,mexc-sbr-usdt-spot
2023-05-13,923427.78894917783263283073584,0.000778944543585839,0.0000000290940322261132,0.000000430864517134614,0.000717892729765575,0.000778944543585839,0.0007778732,mexc-sbr-usdt-spot
2023-05-14,938805.77471067667358866743256,0.000775224955760488,0.0000000288816904151492,0.000000430780275676532,0.000715329838686752,0.000775224955760488,0.000774779456,mexc-sbr-usdt-spot
2023-05-15,958624.38794592771720529401942,0.000788134896823892,0.0000000292788185432263,0.000000437874976685367,0.000727004099312216,0.000788134896823892,0.0007832270699999999,mexc-sbr-usdt-spot
2023-05-16,1007590.23536483776281219216654,0.000804772779885669,0.0000000295528775903652,0.000000442350397444427,0.000740580040443673,0.000804772779885669,0.000798983724,mexc-sbr-usdt-spot
2023-05-17,1008433.19239184264118458965988,0.000845879997313353,0.0000000312990756241123,0.000000463677146710602,0.00077850880181961,0.000845879997313353,0.000849510422,mexc-sbr-usdt-spot
2023-05-18,980242.45901350168965489369522,0.000846587666425966,0.0000000308961828074496,0.000000464599114046424,0.000780929093493825,0.000846587666425966,0.000849959493,mexc-sbr-usdt-spot
2023-05-19,972294.40708135382313537453632,0.000822921322075479,0.0000000306565627875979,0.000000456214015575516,0.000763395187222596,0.000822921322075479,0.000820083598,mexc-sbr-usdt-spot
2023-05-20,970571.82427407213946736215204,0.000816248869414624,0.000000030355668910837,0.00000045017970704858,0.000755720467638329,0.000816248869414624,0.000808869827,mexc-sbr-usdt-spot
2023-05-21,953423.15866042085287622798294,0.000814802747480078,0.0000000300655698364201,0.000000447860671651413,0.00075422777836434,0.000814802747480078,0.0008101753660000001,mexc-sbr-usdt-spot
2023-05-22,1018133.48773056102923032681816,0.000800406306631333,0.0000000298914510120837,0.000000443074400521223,0.000740072559883075,0.000800406306631333,0.00079793931,mexc-sbr-usdt-spot
2023-05-23,967392.97139191099323093933728,0.000854731141329812,0.0000000318232067018825,0.000000470096027246345,0.000790338164752387,0.000854731141329812,0.00085087014,mexc-sbr-usdt-spot
2023-05-24,952572.75322515319218847212312,0.000812134075262896,0.0000000298284193720364,0.00000043791132632684,0.00075365276336751,0.000812134075262896,0.000811235096,mexc-sbr-usdt-spot
2023-05-25,967917.68654387490660257199996,0.000799692384520884,0.0000000303587301429748,0.000000443992130001979,0.000743351887654733,0.000799692384520884,0.000799636024,mexc-sbr-usdt-spot
2023-05-26,937664.26425887025192133331748,0.000812574577796322,0.0000000306807480380602,0.000000449696936500977,0.00075750557901444,0.000812574577796322,0.000809443335,mexc-sbr-usdt-spot
2023-05-27,964973.08760823561430624361094,0.000787176589742286,0.0000000294597785504948,0.000000430330948689901,0.000733952122552358,0.000787176589742286,0.00078503544,mexc-sbr-usdt-spot
2023-05-28,979336.06729990182771339996346,0.000810102563625933,0.0000000301663164759781,0.000000442491880603252,0.000755326414801702,0.000810102563625933,0.000807606774,mexc-sbr-usdt-spot
2023-05-29,970632.01370195777788289935598,0.000822160399040147,0.0000000292609584793881,0.000000430160669791607,0.000766059983721939,0.000822160399040147,0.000815979476,mexc-sbr-usdt-spot
2023-05-30,946260.90099059406226119009558,0.000814853276982361,0.0000000293481411273787,0.000000430033876725943,0.000760796472468363,0.000814853276982361,0.000814752495,mexc-sbr-usdt-spot
2023-05-31,873848.072878375859163995984,0.000794393534488581,0.0000000286655399449622,0.000000417918688291979,0.000740237396101206,0.000794393534488581,0.00079177917,mexc-sbr-usdt-spot
2023-06-01,891581.94328495824530810299124,0.0007336023907288,0.000000026953153351588,0.000000391684424883342,0.000686306133345333,0.0007336023907288,0.0007324757519999999,mexc-sbr-usdt-spot
2023-06-02,876738.47639235769467624015892,0.000748490115644518,0.0000000279023207550373,0.000000402008316839217,0.000696015928299485,0.000748490115644518,0.000746647731,mexc-sbr-usdt-spot
2023-06-03,901655.61822847422908525006296,0.000736028907412694,0.0000000270050541338537,0.000000385971384539614,0.000687634417432903,0.000736028907412694,0.0007348424179999999,mexc-sbr-usdt-spot
2023-06-04,880116.15116695925090536767576,0.000756947045689172,0.0000000279528648746422,0.000000400100635309941,0.000707080355136539,0.000756947045689172,0.000753133399,mexc-sbr-usdt-spot
2023-06-05,798823.33458918077495095709028,0.000738864492186132,0.000000027205890212641,0.000000390456924338359,0.000690833410396923,0.000738864492186132,0.0007412148899999999,mexc-sbr-usdt-spot
2023-06-06,763442.58988283006282282373618,0.000670618527651246,0.0000000260072283461978,0.000000369946860657997,0.000626476890559062,0.000670618527651246,0.0006623125740000001,mexc-sbr-usdt-spot
2023-06-07,770318.54744681545611630629118,0.000640916111741751,0.0000000235511691149628,0.000000340341971008947,0.000598988534324892,0.000640916111741751,0.000644373934,mexc-sbr-usdt-spot
2023-06-08,745331.44861970634822336491298,0.000646688532674001,0.0000000245519691851008,0.000000353016658279436,0.000603821012200456,0.000646688532674001,0.0006473712029999999,mexc-sbr-usdt-spot
2023-06-09,743599.73624535563363554340696,0.000625711664948511,0.0000000235924475402318,0.000000338728696672561,0.000580187440561748,0.000625711664948511,0.0006226182749999999,mexc-sbr-usdt-spot
2023-06-10,695423.56750365541991470953298,0.000624257878669972,0.0000000235829958198055,0.000000339561804076743,0.000580717550819208,0.000624257878669972,0.0006223875519999999,mexc-sbr-usdt-spot
2023-06-11,705619.89483615727379164484672,0.000583813602757511,0.0000000225731266859683,0.00000033305577303441,0.000544827086969802,0.000583813602757511,0.0005852691,mexc-sbr-usdt-spot
2023-06-12,686510.16073814814994944395274,0.000592373500455904,0.0000000228655355641372,0.000000338144828941005,0.000551787672939497,0.000592373500455904,0.00059272515,mexc-sbr-usdt-spot
2023-06-13,647343.5722028984429181056358,0.000576330727054443,0.0000000222463521668467,0.00000033075827514552,0.000535504108792578,0.000576330727054443,0.0005741057410000001,mexc-sbr-usdt-spot
2023-06-14,641677.44602644733989552592636,0.00054345006521181,0.0000000209981455705184,0.000000312880633904968,0.00050364137990707,0.00054345006521181,0.0005418861799999999,mexc-sbr-usdt-spot
2023-06-15,657450.87725728624363500925722,0.000538693307328802,0.0000000214639495864256,0.000000326450225402271,0.000497185588460689,0.000538693307328802,0.000537608591,mexc-sbr-usdt-spot
2023-06-16,653698.38965249450878339467192,0.000551935228001379,0.0000000215944337761825,0.000000331723013331607,0.000504272647854593,0.000551935228001379,0.0005495499,mexc-sbr-usdt-spot
2023-06-17,660688.54019611756753964984152,0.000548784984883044,0.0000000208411337657581,0.000000319689260381842,0.000502166251480704,0.000548784984883044,0.0005516135999999999,mexc-sbr-usdt-spot
2023-06-18,687283.78162202094649228773382,0.000554653271727764,0.0000000209191252638622,0.000000321058593308205,0.0005073442164381,0.000554653271727764,0.00055373962,mexc-sbr-usdt-spot
2023-06-19,646005.85022532111221284165522,0.000576980187924749,0.000000021893488841372,0.000000335430383062975,0.000527580526571128,0.000576980187924749,0.00057633858,mexc-sbr-usdt-spot
2023-06-20,647485.93153997034441859274176,0.000542327036997479,0.0000000202526608461121,0.000000312583400267943,0.000496580996335315,0.000542327036997479,0.0005422155839999999,mexc-sbr-usdt-spot
2023-06-21,641145.09131939474124429246034,0.000543569577004832,0.0000000192037273505321,0.000000303704197259986,0.000497446942716138,0.000543569577004832,0.0005418191740000001,mexc-sbr-usdt-spot
2023-06-22,647760.5737201128849358108678,0.000538246391328263,0.000000017882227838297,0.000000284138305700745,0.000488911678376399,0.000538246391328263,0.0005378161339999999,mexc-sbr-usdt-spot
2023-06-23,682145.52203981473563019643106,0.00054380014129421,0.0000000181554106128036,0.000000290125649220436,0.000496038056785824,0.00054380014129421,0.000543116293,mexc-sbr-usdt-spot
2023-06-24,909888.85447009694867777915868,0.000572666578235967,0.000000018691166719935,0.000000302745576515749,0.000525586653838689,0.000572666578235967,0.00062,kraken-sbr-usd-spot
2023-06-25,727530.61479472876640848697022,0.000763858912840626,0.0000000250043702113972,0.00000040715112490221,0.000700895923519831,0.000763858912840626,0.000761934055,mexc-sbr-usdt-spot
2023-06-26,711541.15115573513982263479846,0.000610767723711729,0.0000000200465715624155,0.000000321490381433757,0.000559389451866465,0.000610767723711729,0.0006074125200000001,mexc-sbr-usdt-spot
2023-06-27,816362.32473947294592810879658,0.000597344442118397,0.0000000197430820458002,0.000000321573333698754,0.00054763690837408,0.000597344442118397,0.0005971134299999999,mexc-sbr-usdt-spot
2023-06-28,801643.28639281250352876999636,0.000685342649045531,0.000000022347831350342,0.000000362817867431707,0.000625677536004281,0.000685342649045531,0.0006878343900000001,mexc-sbr-usdt-spot
2023-06-29,747457.59060276025373207878644,0.000672985899565302,0.0000000223553325873795,0.000000367818469711495,0.000616752239513181,0.000672985899565302,0.000668239853,mexc-sbr-usdt-spot
2023-06-30,759459.66096054886892461314746,0.000627496578013158,0.0000000206001392828037,0.000000338606138159235,0.000577471411941081,0.000627496578013158,0.000624406325,mexc-sbr-usdt-spot
2023-07-01,791292.60000707882685881624162,0.000637572411308947,0.0000000209146400030968,0.000000329559929135716,0.000583796627602407,0.000637572411308947,0.0006349666289999999,mexc-sbr-usdt-spot
2023-07-02,765007.68711325086028729065454,0.000664296416216959,0.0000000217220316695391,0.000000345423688785478,0.000608466584783215,0.000664296416216959,0.0006619338,mexc-sbr-usdt-spot
2023-07-03,765708.48868435870892631776144,0.000642230023284953,0.0000000209918768090383,0.000000331799359514066,0.000588346270582606,0.000642230023284953,0.0006428421389999999,mexc-sbr-usdt-spot
2023-07-04,757055.48358737556054437361314,0.000642818351764408,0.000000020645928016503,0.000000328941302963474,0.000588867725720283,0.000642818351764408,0.000642657834,mexc-sbr-usdt-spot
2023-07-05,733824.17493222374078817818144,0.000635554085328223,0.0000000206349081029688,0.000000327878887763836,0.000584122303379124,0.000635554085328223,0.0006332176710000001,mexc-sbr-usdt-spot
2023-07-06,776314.76135939986116859685732,0.000616051217383408,0.000000020199842952458,0.00000032217794301419,0.000567747613671508,0.000616051217383408,0.0006157,mexc-sbr-usdt-spot
2023-07-07,746085.80161500029907837247932,0.000651722401830574,0.0000000217387683602388,0.000000351451154391088,0.00059883883660541,0.000651722401830574,0.000651726068,mexc-sbr-usdt-spot
2023-07-08,720535.0208619890550392217629,0.000626344950273474,0.0000000206510836429542,0.000000335064310249344,0.000571762518515423,0.000626344950273474,0.000626687724,mexc-sbr-usdt-spot
2023-07-09,722657.68411312276745694890854,0.000604894867098655,0.000000019987525431903,0.000000324504563935967,0.00055212351375535,0.000604894867098655,0.0006027144939999999,mexc-sbr-usdt-spot
2023-07-10,731694.5617264437080619834932,0.000606676859740253,0.0000000201131324338961,0.000000325709318391784,0.000554106640554027,0.000606676859740253,0.000606384882,mexc-sbr-usdt-spot
2023-07-11,731493.04807128476428409132232,0.00061426339019974,0.0000000202095854835316,0.000000326676979394107,0.00055842557998861,0.00061426339019974,0.0006086912900000001,mexc-sbr-usdt-spot
2023-07-12,,0.000614094217887324,0.0000000200577887942943,0.000000326929841672307,0.000558026896676525,0.000614094217887324,0.000615936954,mexc-sbr-usdt-spot
